{
  "micro": 0.5914896619857455,
  "macro": 0.5341529015626525,
  "report": {
    "0": {
      "precision": 0.7439824945295405,
      "recall": 0.6967213114754098,
      "f1-score": 0.7195767195767195,
      "support": 488.0
    },
    "1": {
      "precision": 0.7368421052631579,
      "recall": 0.8778877887788779,
      "f1-score": 0.8012048192771084,
      "support": 303.0
    },
    "2": {
      "precision": 0.4788732394366197,
      "recall": 0.5230769230769231,
      "f1-score": 0.5,
      "support": 195.0
    },
    "3": {
      "precision": 0.274310595065312,
      "recall": 0.6237623762376238,
      "f1-score": 0.3810483870967742,
      "support": 303.0
    },
    "4": {
      "precision": 0.43312101910828027,
      "recall": 0.3425692695214106,
      "f1-score": 0.38255977496483823,
      "support": 397.0
    },
    "5": {
      "precision": 0.37401574803149606,
      "recall": 0.6209150326797386,
      "f1-score": 0.4668304668304668,
      "support": 153.0
    },
    "6": {
      "precision": 0.3827751196172249,
      "recall": 0.5263157894736842,
      "f1-score": 0.44321329639889195,
      "support": 152.0
    },
    "7": {
      "precision": 0.47058823529411764,
      "recall": 0.6774193548387096,
      "f1-score": 0.5553719008264463,
      "support": 248.0
    },
    "8": {
      "precision": 0.5443037974683544,
      "recall": 0.5584415584415584,
      "f1-score": 0.5512820512820513,
      "support": 77.0
    },
    "9": {
      "precision": 0.23826714801444043,
      "recall": 0.4049079754601227,
      "f1-score": 0.3,
      "support": 163.0
    },
    "10": {
      "precision": 0.3710843373493976,
      "recall": 0.5273972602739726,
      "f1-score": 0.43564356435643564,
      "support": 292.0
    },
    "11": {
      "precision": 0.38235294117647056,
      "recall": 0.5360824742268041,
      "f1-score": 0.44635193133047213,
      "support": 97.0
    },
    "12": {
      "precision": 0.5588235294117647,
      "recall": 0.5428571428571428,
      "f1-score": 0.5507246376811594,
      "support": 35.0
    },
    "13": {
      "precision": 0.37777777777777777,
      "recall": 0.3541666666666667,
      "f1-score": 0.3655913978494624,
      "support": 96.0
    },
    "14": {
      "precision": 0.6407766990291263,
      "recall": 0.7333333333333333,
      "f1-score": 0.6839378238341969,
      "support": 90.0
    },
    "15": {
      "precision": 0.9546827794561934,
      "recall": 0.88268156424581,
      "f1-score": 0.9172714078374455,
      "support": 358.0
    },
    "16": {
      "precision": 0.3684210526315789,
      "recall": 0.5384615384615384,
      "f1-score": 0.4375,
      "support": 13.0
    },
    "17": {
      "precision": 0.5792682926829268,
      "recall": 0.5523255813953488,
      "f1-score": 0.5654761904761905,
      "support": 172.0
    },
    "18": {
      "precision": 0.6949685534591195,
      "recall": 0.876984126984127,
      "f1-score": 0.775438596491228,
      "support": 252.0
    },
    "19": {
      "precision": 0.391304347826087,
      "recall": 0.42857142857142855,
      "f1-score": 0.4090909090909091,
      "support": 21.0
    },
    "20": {
      "precision": 0.6363636363636364,
      "recall": 0.6028708133971292,
      "f1-score": 0.6191646191646192,
      "support": 209.0
    },
    "21": {
      "precision": 0.5333333333333333,
      "recall": 0.5333333333333333,
      "f1-score": 0.5333333333333333,
      "support": 15.0
    },
    "22": {
      "precision": 0.2828282828282828,
      "recall": 0.2204724409448819,
      "f1-score": 0.24778761061946902,
      "support": 127.0
    },
    "23": {
      "precision": 0.2702702702702703,
      "recall": 0.5555555555555556,
      "f1-score": 0.36363636363636365,
      "support": 18.0
    },
    "24": {
      "precision": 0.6483516483516484,
      "recall": 0.8676470588235294,
      "f1-score": 0.7421383647798742,
      "support": 68.0
    },
    "25": {
      "precision": 0.4745762711864407,
      "recall": 0.5874125874125874,
      "f1-score": 0.525,
      "support": 143.0
    },
    "26": {
      "precision": 0.5441176470588235,
      "recall": 0.5736434108527132,
      "f1-score": 0.5584905660377358,
      "support": 129.0
    },
    "27": {
      "precision": 0.6123006833712984,
      "recall": 0.7610419026047565,
      "f1-score": 0.6786165109820752,
      "support": 1766.0
    },
    "micro avg": {
      "precision": 0.5379283788987294,
      "recall": 0.656896551724138,
      "f1-score": 0.5914896619857455,
      "support": 6380.0
    },
    "macro avg": {
      "precision": 0.49995291376402573,
      "recall": 0.5902448428544541,
      "f1-score": 0.5341529015626525,
      "support": 6380.0
    },
    "weighted avg": {
      "precision": 0.5613437985944946,
      "recall": 0.656896551724138,
      "f1-score": 0.5987200255263203,
      "support": 6380.0
    },
    "samples avg": {
      "precision": 0.5937615186140803,
      "recall": 0.6844206905025187,
      "f1-score": 0.6096027943060748,
      "support": 6380.0
    }
  },
  "thresholds": [
    0.65,
    0.25,
    0.45000000000000007,
    0.15000000000000002,
    0.30000000000000004,
    0.25,
    0.30000000000000004,
    0.4,
    0.45000000000000007,
    0.2,
    0.2,
    0.35,
    0.55,
    0.35,
    0.30000000000000004,
    0.55,
    0.25,
    0.35,
    0.25,
    0.55,
    0.30000000000000004,
    0.65,
    0.30000000000000004,
    0.30000000000000004,
    0.2,
    0.35,
    0.6,
    0.1
  ]
}