{
  "micro": 0.6017938496583144,
  "macro": 0.5378898898595984,
  "report": {
    "0": {
      "precision": 0.7188118811881188,
      "recall": 0.7438524590163934,
      "f1-score": 0.7311178247734139,
      "support": 488.0
    },
    "1": {
      "precision": 0.7250673854447439,
      "recall": 0.8877887788778878,
      "f1-score": 0.798219584569733,
      "support": 303.0
    },
    "2": {
      "precision": 0.47577092511013214,
      "recall": 0.5538461538461539,
      "f1-score": 0.5118483412322274,
      "support": 195.0
    },
    "3": {
      "precision": 0.3349875930521092,
      "recall": 0.44554455445544555,
      "f1-score": 0.38243626062322944,
      "support": 303.0
    },
    "4": {
      "precision": 0.3277591973244147,
      "recall": 0.49370277078085645,
      "f1-score": 0.39396984924623113,
      "support": 397.0
    },
    "5": {
      "precision": 0.4943820224719101,
      "recall": 0.5751633986928104,
      "f1-score": 0.5317220543806647,
      "support": 153.0
    },
    "6": {
      "precision": 0.3933649289099526,
      "recall": 0.5460526315789473,
      "f1-score": 0.4573002754820937,
      "support": 152.0
    },
    "7": {
      "precision": 0.45047169811320753,
      "recall": 0.7701612903225806,
      "f1-score": 0.5684523809523809,
      "support": 248.0
    },
    "8": {
      "precision": 0.5125,
      "recall": 0.5324675324675324,
      "f1-score": 0.5222929936305732,
      "support": 77.0
    },
    "9": {
      "precision": 0.32592592592592595,
      "recall": 0.26993865030674846,
      "f1-score": 0.2953020134228188,
      "support": 163.0
    },
    "10": {
      "precision": 0.33723196881091616,
      "recall": 0.5924657534246576,
      "f1-score": 0.4298136645962733,
      "support": 292.0
    },
    "11": {
      "precision": 0.36666666666666664,
      "recall": 0.5670103092783505,
      "f1-score": 0.44534412955465585,
      "support": 97.0
    },
    "12": {
      "precision": 0.59375,
      "recall": 0.5428571428571428,
      "f1-score": 0.5671641791044776,
      "support": 35.0
    },
    "13": {
      "precision": 0.42424242424242425,
      "recall": 0.2916666666666667,
      "f1-score": 0.345679012345679,
      "support": 96.0
    },
    "14": {
      "precision": 0.6666666666666666,
      "recall": 0.6444444444444445,
      "f1-score": 0.655367231638418,
      "support": 90.0
    },
    "15": {
      "precision": 0.9404761904761905,
      "recall": 0.88268156424581,
      "f1-score": 0.9106628242074928,
      "support": 358.0
    },
    "16": {
      "precision": 0.42857142857142855,
      "recall": 0.46153846153846156,
      "f1-score": 0.4444444444444444,
      "support": 13.0
    },
    "17": {
      "precision": 0.5689655172413793,
      "recall": 0.5755813953488372,
      "f1-score": 0.5722543352601156,
      "support": 172.0
    },
    "18": {
      "precision": 0.7377622377622378,
      "recall": 0.8373015873015873,
      "f1-score": 0.7843866171003717,
      "support": 252.0
    },
    "19": {
      "precision": 0.34782608695652173,
      "recall": 0.38095238095238093,
      "f1-score": 0.36363636363636365,
      "support": 21.0
    },
    "20": {
      "precision": 0.6313131313131313,
      "recall": 0.5980861244019139,
      "f1-score": 0.6142506142506142,
      "support": 209.0
    },
    "21": {
      "precision": 0.7272727272727273,
      "recall": 0.5333333333333333,
      "f1-score": 0.6153846153846154,
      "support": 15.0
    },
    "22": {
      "precision": 0.46551724137931033,
      "recall": 0.2125984251968504,
      "f1-score": 0.2918918918918919,
      "support": 127.0
    },
    "23": {
      "precision": 0.2727272727272727,
      "recall": 0.3333333333333333,
      "f1-score": 0.3,
      "support": 18.0
    },
    "24": {
      "precision": 0.6593406593406593,
      "recall": 0.8823529411764706,
      "f1-score": 0.7547169811320755,
      "support": 68.0
    },
    "25": {
      "precision": 0.49122807017543857,
      "recall": 0.5874125874125874,
      "f1-score": 0.535031847133758,
      "support": 143.0
    },
    "26": {
      "precision": 0.5285714285714286,
      "recall": 0.5736434108527132,
      "f1-score": 0.550185873605948,
      "support": 129.0
    },
    "27": {
      "precision": 0.6247689463955638,
      "recall": 0.7655719139297849,
      "f1-score": 0.6880407124681934,
      "support": 1766.0
    },
    "micro avg": {
      "precision": 0.5512519561815337,
      "recall": 0.662539184952978,
      "f1-score": 0.6017938496583144,
      "support": 6380.0
    },
    "macro avg": {
      "precision": 0.5204264365039456,
      "recall": 0.5743339284300244,
      "f1-score": 0.5378898898595984,
      "support": 6380.0
    },
    "weighted avg": {
      "precision": 0.5669268044034145,
      "recall": 0.662539184952978,
      "f1-score": 0.6051946603254403,
      "support": 6380.0
    },
    "samples avg": {
      "precision": 0.6022238604251137,
      "recall": 0.6919461850350166,
      "f1-score": 0.6186140803538519,
      "support": 6380.0
    }
  },
  "thresholds": [
    0.5,
    0.4,
    0.5,
    0.4,
    0.35,
    0.4,
    0.4,
    0.45000000000000007,
    0.5,
    0.4,
    0.35,
    0.4,
    0.7000000000000001,
    0.5,
    0.5,
    0.55,
    0.55,
    0.35,
    0.5,
    0.4,
    0.45000000000000007,
    0.4,
    0.45000000000000007,
    0.5,
    0.45000000000000007,
    0.45000000000000007,
    0.5,
    0.35
  ]
}