{
  "micro": 0.5906593406593407,
  "macro": 0.5375535062121909,
  "report": {
    "0": {
      "precision": 0.7173489278752436,
      "recall": 0.7540983606557377,
      "f1-score": 0.7352647352647352,
      "support": 488.0
    },
    "1": {
      "precision": 0.7449856733524355,
      "recall": 0.858085808580858,
      "f1-score": 0.7975460122699386,
      "support": 303.0
    },
    "2": {
      "precision": 0.5411764705882353,
      "recall": 0.4717948717948718,
      "f1-score": 0.5041095890410959,
      "support": 195.0
    },
    "3": {
      "precision": 0.25059952038369304,
      "recall": 0.6897689768976898,
      "f1-score": 0.3676341248900616,
      "support": 303.0
    },
    "4": {
      "precision": 0.3689095127610209,
      "recall": 0.4005037783375315,
      "f1-score": 0.38405797101449274,
      "support": 397.0
    },
    "5": {
      "precision": 0.4192139737991266,
      "recall": 0.6274509803921569,
      "f1-score": 0.5026178010471204,
      "support": 153.0
    },
    "6": {
      "precision": 0.34285714285714286,
      "recall": 0.631578947368421,
      "f1-score": 0.4444444444444444,
      "support": 152.0
    },
    "7": {
      "precision": 0.4405940594059406,
      "recall": 0.717741935483871,
      "f1-score": 0.5460122699386503,
      "support": 248.0
    },
    "8": {
      "precision": 0.5671641791044776,
      "recall": 0.4935064935064935,
      "f1-score": 0.5277777777777778,
      "support": 77.0
    },
    "9": {
      "precision": 0.20843091334894615,
      "recall": 0.5460122699386503,
      "f1-score": 0.3016949152542373,
      "support": 163.0
    },
    "10": {
      "precision": 0.37593984962406013,
      "recall": 0.5136986301369864,
      "f1-score": 0.4341534008683068,
      "support": 292.0
    },
    "11": {
      "precision": 0.5942028985507246,
      "recall": 0.422680412371134,
      "f1-score": 0.4939759036144578,
      "support": 97.0
    },
    "12": {
      "precision": 0.6129032258064516,
      "recall": 0.5428571428571428,
      "f1-score": 0.5757575757575758,
      "support": 35.0
    },
    "13": {
      "precision": 0.4050632911392405,
      "recall": 0.3333333333333333,
      "f1-score": 0.3657142857142857,
      "support": 96.0
    },
    "14": {
      "precision": 0.6666666666666666,
      "recall": 0.6888888888888889,
      "f1-score": 0.6775956284153005,
      "support": 90.0
    },
    "15": {
      "precision": 0.9519519519519519,
      "recall": 0.8854748603351955,
      "f1-score": 0.9175108538350217,
      "support": 358.0
    },
    "16": {
      "precision": 0.4375,
      "recall": 0.5384615384615384,
      "f1-score": 0.4827586206896552,
      "support": 13.0
    },
    "17": {
      "precision": 0.5409836065573771,
      "recall": 0.5755813953488372,
      "f1-score": 0.5577464788732395,
      "support": 172.0
    },
    "18": {
      "precision": 0.6918429003021148,
      "recall": 0.9087301587301587,
      "f1-score": 0.7855917667238422,
      "support": 252.0
    },
    "19": {
      "precision": 0.4117647058823529,
      "recall": 0.3333333333333333,
      "f1-score": 0.3684210526315789,
      "support": 21.0
    },
    "20": {
      "precision": 0.5537190082644629,
      "recall": 0.6411483253588517,
      "f1-score": 0.5942350332594235,
      "support": 209.0
    },
    "21": {
      "precision": 0.7777777777777778,
      "recall": 0.4666666666666667,
      "f1-score": 0.5833333333333334,
      "support": 15.0
    },
    "22": {
      "precision": 0.4576271186440678,
      "recall": 0.2125984251968504,
      "f1-score": 0.2903225806451613,
      "support": 127.0
    },
    "23": {
      "precision": 0.2631578947368421,
      "recall": 0.2777777777777778,
      "f1-score": 0.2702702702702703,
      "support": 18.0
    },
    "24": {
      "precision": 0.6705882352941176,
      "recall": 0.8382352941176471,
      "f1-score": 0.7450980392156863,
      "support": 68.0
    },
    "25": {
      "precision": 0.616,
      "recall": 0.5384615384615384,
      "f1-score": 0.5746268656716418,
      "support": 143.0
    },
    "26": {
      "precision": 0.5528455284552846,
      "recall": 0.5271317829457365,
      "f1-score": 0.5396825396825397,
      "support": 129.0
    },
    "27": {
      "precision": 0.6084843128590367,
      "recall": 0.7797281993204983,
      "f1-score": 0.6835443037974683,
      "support": 1766.0
    },
    "micro avg": {
      "precision": 0.5256723716381418,
      "recall": 0.6739811912225705,
      "f1-score": 0.5906593406593407,
      "support": 6380.0
    },
    "macro avg": {
      "precision": 0.5282249766424568,
      "recall": 0.5791189330927998,
      "f1-score": 0.5375535062121909,
      "support": 6380.0
    },
    "weighted avg": {
      "precision": 0.5622252131844051,
      "recall": 0.6739811912225705,
      "f1-score": 0.6024931423621959,
      "support": 6380.0
    },
    "samples avg": {
      "precision": 0.5905516648236884,
      "recall": 0.7000860056518,
      "f1-score": 0.6127086514664841,
      "support": 6380.0
    }
  },
  "thresholds": [
    0.4,
    0.35,
    0.6,
    0.1,
    0.25,
    0.30000000000000004,
    0.25,
    0.30000000000000004,
    0.7000000000000001,
    0.1,
    0.25,
    0.8,
    0.75,
    0.6,
    0.35,
    0.7000000000000001,
    0.35,
    0.30000000000000004,
    0.25,
    0.8,
    0.30000000000000004,
    0.8,
    0.6,
    0.6,
    0.2,
    0.7000000000000001,
    0.8,
    0.1
  ]
}